Date,Time,Venue,City,State,Address,Phone,Url
2018/01/19,11:00pm,The Big Easy,Raleigh, NC,222 Fayetteville St.,(919) 832-6082,http://www.bigeasync.com/
2018/01/27,9:30pm,The Real McCoy's,Wake Forest, NC,3325 Rogers Road,(919) 562-8368,http://realmccoysnc.com/
2018/02/10,9:00pm,Mac's Tavern,Cary, NC,1014 Ryan Road,(919) 467-4114,http://www.macstavern.net/
2018/02/17,10:00pm,Wild Wing Cafe – Brier Creek,Raleigh, NC,7900 Brier Creek Parkway.,(919) 957-2000,http://www.wildwingcafe.com/locations
2018/02/24,06:00pm,Wine & Beer 101 – Youngsville,Youngsville, NC,135 West Main Street,(919) 556-6878,http://wineandbeer101.com/youngsville/
2018/03/02,9:30pm,Fraternity Private Party,Chapel Hill,NC,200 West Cameron Ave
2018/03/03,11:00pm,The Big Easy,Raleigh, NC,222 Fayetteville St.,(919) 832-6082,http://www.bigeasync.com/
2018/03/10,10:00pm,The Brickhouse Bar & Grill,Fuquay Varina, NC,213 Fayetteville St.,(919) 346-1204,https://www.facebook.com/TheBrickBarAndGrill/
2018/03/24,9:30pm,The Real McCoy's,Wake Forest, NC,3325 Rogers Road,(919) 562-8368,http://realmccoysnc.com/
2018/04/07,06:00pm,Wine & Beer 101 – Youngsville,Youngsville, NC,135 West Main Street,(919) 556-6878,http://wineandbeer101.com/youngsville/
2018/04/14,11:00pm,The Big Easy,Raleigh, NC,222 Fayetteville St.,(919) 832-6082,http://www.bigeasync.com/
2018/04/21,10:00pm,Wild Wing Cafe – Brier Creek,Raleigh, NC,7900 Brier Creek Parkway.,(919) 957-2000,http://www.wildwingcafe.com/locations
2018/04/28,9:00pm,Mac's Tavern,Cary, NC,1014 Ryan Road,(919) 467-4114,http://www.macstavern.net/
2018/05/05,9:00pm,Private Event,Fuquay-Varina, NC,N/A,N/A,http://www.redlinenc.com/
2018/05/19,9:30pm,The Real McCoy's,Wake Forest, NC,3325 Rogers Road,(919) 562-8368,http://realmccoysnc.com/
2018/06/08,6:00pm,Summer Concert Series @ Poyner Place,Raleigh, NC,5900 Middle Poyner Drive,(919) 876-6975,https://www.facebook.com/PoynerPlaceRaleighNC/
2018/06/16,10:00pm,Wild Wing Cafe – Brier Creek,Raleigh, NC,7900 Brier Creek Parkway.,(919) 957-2000,http://www.wildwingcafe.com/locations
2018/06/23,9:00pm,Mac's Tavern,Cary, NC,1014 Ryan Road,(919) 467-4114,http://www.macstavern.net/
2018/07/04,5:00pm,Town of Rolesville 4th of July Celebration, Rolesville, NC,121 Redford Place Drive,(919) 633-9027,https://www.facebook.com/rolesville4th/
2018/07/14,11:00pm,The Big Easy,Raleigh, NC,222 Fayetteville St.,(919) 832-6082,http://www.bigeasync.com/
2018/07/28,9:30pm,The Real McCoy's,Wake Forest, NC,3325 Rogers Road,(919) 562-8368,http://realmccoysnc.com/
2018/08/17,6:00pm,Summer Concert Series @ Poyner Place,Raleigh, NC,5900 Middle Poyner Drive,(919) 876-6975,https://www.facebook.com/PoynerPlaceRaleighNC/
2018/08/18,10:00pm,Wild Wing Cafe – Brier Creek,Raleigh, NC,7900 Brier Creek Parkway.,(919) 957-2000,http://www.wildwingcafe.com/locations
2018/08/25,9:00pm,Mac's Tavern,Cary, NC,1014 Ryan Road,(919) 467-4114,http://www.macstavern.net/
2018/09/15,10:00pm,Tobacco Road Brewing,Raleigh,NC,505 W Jones St,(919) 301-8793,http://www.tobaccoroadsportscafe.com/raleigh-brewery/
2018/09/22,9:30pm,The Real McCoy's,Wake Forest, NC,3325 Rogers Road,(919) 562-8368,http://realmccoysnc.com/
2018/09/29,9:00pm,Locked & Loaded Bar & Grill,Garner, NC,305 McCormick St.,,http://www.llgrill.com/
2018/10/06,11:00pm,The Big Easy,Raleigh, NC,222 Fayetteville St.,(919) 832-6082,http://www.bigeasync.com/
2018/10/19,10:00pm,Wild Wing Cafe – Brier Creek,Raleigh, NC,7900 Brier Creek Parkway.,(919) 957-2000,http://www.wildwingcafe.com/locations
2018/10/20,06:00pm,Wine & Beer 101 – Youngsville,Youngsville, NC,135 West Main Street,(919) 556-6878,http://wineandbeer101.com/youngsville/
2018/10/27,10:00pm,The Brickhouse Bar & Grill,Fuquay Varina, NC,213 Fayetteville St.,(919) 346-1204,https://www.facebook.com/TheBrickBarAndGrill/
2018/11/03,11:00pm,The Big Easy,Raleigh, NC,222 Fayetteville St.,(919) 832-6082,http://www.bigeasync.com/
2018/11/17,9:30pm,The Real McCoy's,Wake Forest, NC,3325 Rogers Road,(919) 562-8368,http://realmccoysnc.com/
2018/12/01,9:00pm,Break Time Billiards,Cary, NC,6442 Tryon Road,(919) 615-0107,http://www.breaktimecary.com/
2018/12/15,10:00pm,Wild Wing Cafe – Brier Creek,Raleigh, NC,7900 Brier Creek Parkway.,(919) 957-2000,http://www.wildwingcafe.com/locations

